first_name,last_name,id,GradeLevel,"	Knowledge","	Skill","	PersonalDevelopment","	Final Grade",gpa
John,Doe,111111,10,0,0,0,0,0
Jane,Smith,111112,10,0,0,0,0,0
Sarah,Thomas,111113,9,0,0,0,0,0
Frank,Brown,111114,9,0,0,0,0,0
Mike,Davis,111115,9,0,0,0,0,0
Jennifer,Wilson,111116,8,0,0,0,0,0
Jessica,Garcia,111117,8,0,0,0,0,0
Fred,Clark,111118,8,0,0,0,0,0
Bob,Lopez,111119,8,0,0,0,0,0
,,,,,,,,
,,,,,,,,
,,,,,,,,
,,,,,,,,
,,,,,,,,
,,,,,,,,
,,,,,,,,
,,,,,,,,
,,,,,,,,
,,,,,,,,
,,,,,,,,
,,,,,,,,
,,,,,,,,
,,,,,,,,
,,,,,,,,
,,,,,,,,
,,,,,,,,
,,,,,,,,
,,,,,,,,
,,,,,,,,
,,,,,,,,
,,,,,,,,
,,,,,,,,
,,,,,,,,
,,,,,,,,
,,,,,,,,
,,,,,,,,
,,,,,,,,
,,,,,,,,
,,,,,,,,
,,,,,,,,
,,,,,,,,
,,,,,,,,
,,,,,,,,
,,,,,,,,
,,,,,,,,
,,,,,,,,
,,,,,,,,
,,,,,,,,
,,,,,,,,
,,,,,,,,
,,,,,,,,
,,,,,,,,
,,,,,,,,
,,,,,,,,
,,,,,,,,
,,,,,,,,
,,,,,,, ,
